Imperial Kalif;3
Aurista;1
Šeherezáda;1
klansman136;3
ABC;1
Grand_wizard_man;3
DEF;2
Snake's drake 🥀;2
Panáček;1
Šebestová;1
Spaghetti;1
GHI;1
Hedvábný mráček;1
Esmeralda;1
DiddyParty69UwU;2
Charvát;1
SigmaSamec_67 🐺;1
Sneaky_golem_67🥭🥀;1
Keebl;2
Hořčice=7 Mangos=6;1
3000 DPI;1
JKL;1
Svíčková na smetaně;1
Zero width joiner unicode character;2
kitten :3;1
MNO;4
PQR;5
STU;3
sigmoň;3
ツ;1
WXY;4
Sigma;3
ZAB;1
CDE;1
FGH;3
Fyzická osoba;1
Helinečka;1
伿且亱乙乗;4
IJK;1
LMN;5
OPQ;1
Pan Sigma;1
Fizycká osoba;4
SigmaKing 69;5
RST;4
UVW;1
XYZ;1
CBA;1
FED;1
IHG;1
LKJ;2
Kebabak1;1
Barack;1
nian_cat;2
ONM;1
victorius;1
Bananafish;1
OKAK XAXA;1
jogurtt;1
Rasismuž;2
Litenergy;1
SOCka-DEMagogicka;4
octopus;2
Arwen;1
Jsem Borec <3;1
∑:3;1
Matysek;2
Fiat Multipla;1
RQP;3
Kryptošlechtic;3
UTS;5
phoss;1
Mori;3
Srstecká klunda :3;3
BuřtiKuř;4
shtrudel;1
AXAX KAKO;2
Mitsubishi Montana;1
XWV;5
KuřiBuřt;2
Kebabák2;3
AZY;3
Podtržítko;3
DCB;1
GFE;1
JIH;1
Zařťyn;1
Berny;1
MLK;4
Princeznič;1
Zartim Něman;2
Baga Na Druhou;2
ZYX;3
QPO;3
TSR;1
WVU;1
55555martin;2
Matyxus;2
A01;2
Amogus Koule fortnite;1
ziKoun;1
Prdelka;5
A02;1
A03;2
A04;1
Žártin Meeman;2
A05;1
A06;2
Skywalker;1
A07;1
A08;1
Psací stroj je lepší;3
A09;5
A10;1
A11;2
A12;2
A13;3
A14;1
Mozková Plíseň;3
A15;3
A16;2
A17;1
A18;1
A19;4
☀️☁️🏠☁️☁️;1
nubka;4
A20;5
A21;3
A22;1
A23;3
⎯⎯⎯⎯⎯⎯⎯⎯⎯⎯;2
A24;2
A25;1
A26;1
Pan prezident;4
